cut,curec,cusac.cut,cuscn.cut,IS,arctot,malla100,malla200,diasmuestreo3,recupmuestreo3
0.432,0.355,21.6,64.3,85.9,3.8,11,8.3,104,70.47
0.467,0.385,28.6,57.1,85.7,4.6,12,9.3,107,66.22
0.37,0.319,20.1,73.3,93.4,5.3,11.2,9,106,78.26
0.403,0.343,17.3,75,92.3,5.1,10.8,8.7,115,78.73
0.649,0.534,15.2,75.8,91,5.1,12,9.3,119,74.55
0.468,0.376,14.8,68.8,83.6,4.7,12,9.5,117,70.54
0.518,0.407,24.8,53.6,78.4,6.1,11.8,9.2,98,74.01
0.477,0.356,16.8,57,73.8,5.4,12,9.5,113,65.41
0.434,0.352,14.3,70.4,84.7,6.7,13.1,10.3,114,66.69
0.464,0.374,17.2,66.8,84,5.1,12,9.3,131,69.09
0.399,0.327,16.2,69.4,85.6,5.1,13,10,143,75.22
0.503,0.391,16.7,61.2,77.9,4.1,11.5,8.9,153,72.2
0.532,0.395,16.5,54.2,70.7,3.2,11,8.2,132,64.38
0.394,0.315,16.8,63.2,80,4.4,11.2,8.7,127,70.47
0.368,0.309,15,74.1,89.1,4.9,11.4,8.9,133,76.88
0.554,0.449,13.6,73.5,87.1,5.9,11.1,8.4,143,70.91
0.516,0.415,25.3,57.6,82.9,5.3,12.5,9.8,146,64.85
0.461,0.36,16.9,61.2,78.1,4.8,11.9,9.2,141,64.81
0.464,0.353,24,48.4,72.4,5.9,11.6,9,155,59.9
0.468,0.361,24.4,49.7,74.1,7.5,12.6,9.5,137,58.09
0.507,0.389,21.9,53,74.9,5.8,12.1,9.6,148,64.28
0.464,0.347,22.2,47.1,69.3,5.8,13,10.1,134,56.11
0.522,0.433,21.2,68.3,89.5,6.3,11.7,8.9,150,74.06
0.605,0.476,17.9,63.6,81.5,8.9,13.8,10.5,133,63.82
0.434,0.307,22,59.4,81.4,7,13,10.1,145,67.01
0.467,0.372,19.9,61,80.9,7.9,12.6,9.9,119,52.33
0.394,0.302,17.2,55.3,72.5,7.4,12.7,9.8,139,58.55
0.533,0.427,18.8,65,83.8,7.6,12.2,9.6,115,60.06
0.436,0.348,15.2,66.3,81.5,4.4,11.1,8.7,147,70.42
0.346,0.272,14.1,61.9,76,4.8,11,8.8,150,63.69
0.428,0.331,14.6,61.2,75.8,4.1,9.9,7.9,157,66.34
0.423,0.306,14.1,50,64.1,4.7,10.5,7.9,143,48.72
0.377,0.294,16.7,58.3,75,5,10.7,8.3,156,63.02
0.459,0.346,17.4,54.1,71.5,5.4,10.5,8,141,57.05
0.47,0.375,18.6,63.2,81.8,4.3,10.9,8.5,154,69.6
0.414,0.322,13.3,63.1,76.4,4.2,11.4,9.1,139,62.19
0.42,0.349,14.5,74.4,88.9,5.1,12.4,9.7,154,69.72
0.423,0.352,24,63.6,87.6,3.5,10.2,7.9,157,76.9
0.454,0.378,22.7,65.9,88.6,4.6,10.8,8.5,134,76.66
0.47,0.383,17.1,68.7,85.8,3.9,9.4,7.4,157,74.27
0.516,0.392,15,59.5,74.5,3.3,9.4,7.1,155,67.81
0.427,0.321,15.1,55.5,70.6,2.5,8.8,6.9,152,61.7
0.489,0.373,15.8,58.7,74.5,2.7,9.1,6.8,147,66.68
0.478,0.348,13.5,53.4,66.9,2.5,8.4,6.5,146,59.43
0.393,0.318,20.6,61.2,81.8,6,12.1,9.1,65,53.9
0.521,0.398,13.1,63.2,76.3,3.3,10.7,7.9,158,59.97
0.399,0.308,13.9,61,74.9,5,13,9.7,152,61
0.43,0.318,16.4,51.4,67.8,3.8,10.2,7.7,158,59.66
0.369,0.29,18.8,57.2,76,3.1,10.3,7.7,167,65.64
0.369,0.284,18.9,53.1,72,2.7,9.4,7.1,160,64
0.469,0.367,21.5,56,77.5,4.9,10.7,8.1,153,62.31
0.491,0.377,24.5,49.8,74.3,6.2,11.7,8.8,147,60.82
0.415,0.33,14.3,66.4,80.7,3.7,12.4,9.5,129,68.21
0.424,0.338,22.3,57.2,79.5,6.3,12.7,9.7,150,65.44
0.501,0.397,23.7,56.7,80.4,6.3,12.1,9.1,156,66.8
0.403,0.317,25.4,50.5,75.9,4.9,11.5,8.6,145,65.63
0.403,0.325,22.9,58.4,81.3,5,11.5,8.6,137,68.76
0.43,0.339,18.7,59.6,78.3,4.3,11.7,9,161,67.23
0.456,0.357,11.8,67.5,79.3,3.7,13,9.8,137,64.24
0.32,0.236,13.6,49.6,63.2,3,11.2,8.6,160,59.44
0.331,0.257,16.2,56.3,72.5,2.4,9,6.9,148,54.57
0.326,0.245,14.6,52.5,67.1,3.7,11,9.1,165,52.78
0.306,0.227,14.6,49.6,64.2,3.5,10.4,8.1,159,58.86
0.349,0.274,12.2,64.2,76.4,6.3,14.1,11.2,175,58.46
0.336,0.26,11.7,61.2,72.9,6.2,13.7,10.7,163,58.53
0.301,0.222,20,41.8,61.8,4.5,10.9,8.6,121,52.89
0.312,0.246,18.7,55.7,74.4,4,11,8.6,181,64.61
0.301,0.24,23.1,51.3,74.4,3.9,10.9,8.8,178,60.7
0.41,0.324,24.6,52.8,77.4,5.3,12.5,9.7,188,64.02
0.448,0.33,17.2,50.1,67.3,4.4,11.5,8.9,175,50.18
0.347,0.235,10.3,41.9,52.2,4.4,10.8,8.6,186,41.02
0.338,0.254,13.8,54.1,67.9,3.4,9.9,7.8,170,53.78
0.55,0.457,18,73.1,91.1,3.7,10.7,8.3,173,81.7
0.461,0.381,17.7,70.3,88,4,10.4,8.3,154,77.65
0.493,0.385,11.3,68.1,79.4,5.1,12,9.4,170,71.63
0.549,0.43,14.8,65.8,80.6,4.1,11.5,8.9,172,71.81
0.43,0.335,11.6,66.3,77.9,3.9,11.5,8.8,179,70.72
0.364,0.281,12.7,61.2,73.9,4.1,11.2,8.9,155,64.58
0.341,0.244,15.3,44.1,59.4,4.4,10.4,8.3,172,47.57
0.551,0.46,15,77.4,92.4,3.5,9.7,7.8,170,76.74
0.699,0.578,15.3,77.1,92.4,4.4,9.7,7.7,178,87.39
0.398,0.317,12.7,68.2,80.9,5.2,12.1,9.4,141,65.7
0.373,0.295,13,65.1,78.1,5,12.7,10,100,64.78
0.287,0.204,14.4,40.9,55.3,4.4,11.7,9.1,161,44.77
0.436,0.355,21.9,61.8,83.7,4.1,10.4,8.2,161,72.48
0.313,0.23,20.5,40.7,61.2,2.9,8.8,6.6,138,49.31
0.37,0.291,15.5,61.1,76.6,4.4,12.8,10.1,120,61.61
0.369,0.299,15.2,67,82.2,4,11.2,9.3,168,69.75
0.54,0.339,21.4,21.7,43.1,5.2,11.3,8.6,126,36.64
0.395,0.296,29,37.4,66.4,6.3,12.5,9.9,171,52.64
0.473,0.316,19.5,32.5,52,4.4,10.9,7.9,164,46.64
0.454,0.321,28,30.7,58.7,4.5,12,9.3,186,66.18
0.391,0.286,25.1,37.9,63,5,10.9,8.5,175,54.75
0.355,0.237,22.5,25.1,47.55,5.3,10.2,7.8,156,39.07
0.46,0.309,21.9,30.2,52.1,4.6,10.9,8.1,151,38.11
0.335,0.221,15,30.9,45.9,3.6,10,7.8,158,40.49
0.489,0.4,21.7,64.4,86.1,3.6,9.7,7.7,165,74.08
0.443,0.332,19,50.7,69.7,3.7,9.8,7.1,54,45.55
0.433,0.341,16.7,62,78.7,5,11.4,9.1,122,61.03
0.429,0.362,16.4,75.4,91.8,4.7,10.6,8.6,177,83.71
0.46,0.377,17.2,69.4,86.6,4.9,11.3,8.8,169,76.26
0.343,0.264,15.5,56.3,71.8,4.4,9.9,7.3,185,62.16
0.45,0.34,14.9,57.2,72.1,4.7,11.9,9.3,173,61.38
0.357,0.291,15.7,66.9,82.6,3.3,10.9,8.4,149,70.81
0.388,0.298,14.4,58.9,73.3,5,11,8.6,182,66.46
0.323,0.259,16.8,61,77.8,4,11.8,9.2,153,67.77
0.367,0.27,15.6,49,64.6,3.9,9.6,7.4,182,54.53
0.401,0.282,13.4,45.5,58.9,2.8,9.2,6.8,179,52.97
0.468,0.364,12.2,66.1,78.3,5,12.4,9.7,180,63.69
0.38,0.302,13.3,66.5,79.8,3.4,10.3,8.2,111,74.1
0.367,0.298,13.5,69,82.5,4.1,10.6,8.3,174,70.37
0.526,0.429,17.3,69.6,86.9,4,10.9,8.6,170,77.77
0.437,0.35,18,63.7,81.7,4.5,12.3,9.8,170,70.17
0.412,0.335,24.5,58.1,82.6,5.4,12.8,10.2,174,73.68
0.422,0.334,21.3,57.2,78.5,4.6,11.4,9.1,176,67.26
0.399,0.315,28.8,47.3,76.1,5.5,12.7,10.2,175,66.13
0.413,0.325,21.8,55.1,76.9,5.5,12.6,9.9,187,63.04
0.337,0.264,13.9,60.8,74.7,4.7,13,10.5,170,63.44
0.392,0.28,18.7,41.9,60.6,4.7,12.9,10.2,189,54.35
0.382,0.287,26,41,67,5.2,13.1,10.2,185,57.37
0.4,0.316,22.3,55.2,77.5,5.9,13.2,10.3,196,61.22
0.447,0.357,33.5,44.7,78.2,6.8,12.9,10.2,198,65.31
0.4,0.322,26.6,52.9,79.5,4.6,12,9.2,202,70.05
0.389,0.302,26.1,47,73.1,5,12.5,9.6,183,64.2
0.372,0.291,25.7,47.9,73.6,5.3,12.7,9.9,198,65.49
0.363,0.292,24.7,53.5,78.2,5.6,13,10.2,183,64.18
